Województwo,Rok,Kwartał,saldo migracji wewnętrznych
POLSKA,2016,1,0.0
POLSKA,2016,2,0.0
POLSKA,2016,3,0.0
POLSKA,2016,4,0.0
POLSKA,2017,1,0.0
POLSKA,2017,2,0.0
POLSKA,2017,3,0.0
POLSKA,2017,4,0.0
POLSKA,2018,1,0.0
POLSKA,2018,2,0.0
POLSKA,2018,3,0.0
POLSKA,2018,4,0.0
POLSKA,2019,1,0.0
POLSKA,2019,2,0.0
POLSKA,2019,3,0.0
POLSKA,2019,4,0.0
POLSKA,2020,1,0.0
POLSKA,2020,2,0.0
POLSKA,2020,3,0.0
POLSKA,2020,4,0.0
POLSKA,2021,1,0.0
POLSKA,2021,2,0.0
POLSKA,2021,3,0.0
POLSKA,2021,4,0.0
POLSKA,2022,1,0.0
POLSKA,2022,2,0.0
POLSKA,2022,3,0.0
POLSKA,2022,4,0.0
POLSKA,2023,1,0.0
POLSKA,2023,2,0.0
POLSKA,2023,3,0.0
POLSKA,2023,4,0.0
POLSKA,2024,1,0.0
POLSKA,2024,2,0.0
POLSKA,2024,3,0.0
POLSKA,2024,4,0.0
DOLNOŚLĄSKIE,2016,1,541.0
DOLNOŚLĄSKIE,2016,2,679.0
DOLNOŚLĄSKIE,2016,3,766.0
DOLNOŚLĄSKIE,2016,4,672.0
DOLNOŚLĄSKIE,2017,1,516.0
DOLNOŚLĄSKIE,2017,2,646.0
DOLNOŚLĄSKIE,2017,3,745.0
DOLNOŚLĄSKIE,2017,4,686.0
DOLNOŚLĄSKIE,2018,1,564.0
DOLNOŚLĄSKIE,2018,2,761.0
DOLNOŚLĄSKIE,2018,3,943.0
DOLNOŚLĄSKIE,2018,4,930.0
DOLNOŚLĄSKIE,2019,1,814.0
DOLNOŚLĄSKIE,2019,2,1090.0
DOLNOŚLĄSKIE,2019,3,1250.0
DOLNOŚLĄSKIE,2019,4,1059.0
DOLNOŚLĄSKIE,2020,1,742.0
DOLNOŚLĄSKIE,2020,2,850.0
DOLNOŚLĄSKIE,2020,3,908.0
DOLNOŚLĄSKIE,2020,4,793.0
DOLNOŚLĄSKIE,2021,1,634.0
DOLNOŚLĄSKIE,2021,2,820.0
DOLNOŚLĄSKIE,2021,3,962.0
DOLNOŚLĄSKIE,2021,4,887.0
DOLNOŚLĄSKIE,2022,1,722.0
DOLNOŚLĄSKIE,2022,2,935.0
DOLNOŚLĄSKIE,2022,3,1078.0
DOLNOŚLĄSKIE,2022,4,958.0
DOLNOŚLĄSKIE,2023,1,739.0
DOLNOŚLĄSKIE,2023,2,919.0
DOLNOŚLĄSKIE,2023,3,1037.0
DOLNOŚLĄSKIE,2023,4,920.0
DOLNOŚLĄSKIE,2024,1,720.0
DOLNOŚLĄSKIE,2024,2,907.0
DOLNOŚLĄSKIE,2024,3,1032.0
DOLNOŚLĄSKIE,2024,4,919.0
KUJAWSKO-POMORSKIE,2016,1,-450.0
KUJAWSKO-POMORSKIE,2016,2,-445.0
KUJAWSKO-POMORSKIE,2016,3,-428.0
KUJAWSKO-POMORSKIE,2016,4,-393.0
KUJAWSKO-POMORSKIE,2017,1,-351.0
KUJAWSKO-POMORSKIE,2017,2,-348.0
KUJAWSKO-POMORSKIE,2017,3,-378.0
KUJAWSKO-POMORSKIE,2017,4,-435.0
KUJAWSKO-POMORSKIE,2018,1,-526.0
KUJAWSKO-POMORSKIE,2018,2,-611.0
KUJAWSKO-POMORSKIE,2018,3,-681.0
KUJAWSKO-POMORSKIE,2018,4,-722.0
KUJAWSKO-POMORSKIE,2019,1,-750.0
KUJAWSKO-POMORSKIE,2019,2,-761.0
KUJAWSKO-POMORSKIE,2019,3,-738.0
KUJAWSKO-POMORSKIE,2019,4,-670.0
KUJAWSKO-POMORSKIE,2020,1,-576.0
KUJAWSKO-POMORSKIE,2020,2,-524.0
KUJAWSKO-POMORSKIE,2020,3,-503.0
KUJAWSKO-POMORSKIE,2020,4,-508.0
KUJAWSKO-POMORSKIE,2021,1,-547.0
KUJAWSKO-POMORSKIE,2021,2,-570.0
KUJAWSKO-POMORSKIE,2021,3,-564.0
KUJAWSKO-POMORSKIE,2021,4,-521.0
KUJAWSKO-POMORSKIE,2022,1,-455.0
KUJAWSKO-POMORSKIE,2022,2,-425.0
KUJAWSKO-POMORSKIE,2022,3,-423.0
KUJAWSKO-POMORSKIE,2022,4,-442.0
KUJAWSKO-POMORSKIE,2023,1,-492.0
KUJAWSKO-POMORSKIE,2023,2,-531.0
KUJAWSKO-POMORSKIE,2023,3,-551.0
KUJAWSKO-POMORSKIE,2023,4,-540.0
KUJAWSKO-POMORSKIE,2024,1,-513.0
KUJAWSKO-POMORSKIE,2024,2,-500.0
KUJAWSKO-POMORSKIE,2024,3,-492.0
KUJAWSKO-POMORSKIE,2024,4,-481.0
LUBELSKIE,2016,1,-1095.0
LUBELSKIE,2016,2,-1040.0
LUBELSKIE,2016,3,-1294.0
LUBELSKIE,2016,4,-1021.0
LUBELSKIE,2017,1,-1219.0
LUBELSKIE,2017,2,-1187.0
LUBELSKIE,2017,3,-1493.0
LUBELSKIE,2017,4,-1171.0
LUBELSKIE,2018,1,-1376.0
LUBELSKIE,2018,2,-1340.0
LUBELSKIE,2018,3,-1708.0
LUBELSKIE,2018,4,-1378.0
LUBELSKIE,2019,1,-1680.0
LUBELSKIE,2019,2,-1600.0
LUBELSKIE,2019,3,-1891.0
LUBELSKIE,2019,4,-1322.0
LUBELSKIE,2020,1,-1309.0
LUBELSKIE,2020,2,-1106.0
LUBELSKIE,2020,3,-1275.0
LUBELSKIE,2020,4,-992.0
LUBELSKIE,2021,1,-1224.0
LUBELSKIE,2021,2,-1199.0
LUBELSKIE,2021,3,-1482.0
LUBELSKIE,2021,4,-1113.0
LUBELSKIE,2022,1,-1226.0
LUBELSKIE,2022,2,-1117.0
LUBELSKIE,2022,3,-1332.0
LUBELSKIE,2022,4,-1009.0
LUBELSKIE,2023,1,-1160.0
LUBELSKIE,2023,2,-1102.0
LUBELSKIE,2023,3,-1368.0
LUBELSKIE,2023,4,-1074.0
LUBELSKIE,2024,1,-1275.0
LUBELSKIE,2024,2,-1228.0
LUBELSKIE,2024,3,-1520.0
LUBELSKIE,2024,4,-1168.0
LUBUSKIE,2016,1,-99.0
LUBUSKIE,2016,2,-220.0
LUBUSKIE,2016,3,-223.0
LUBUSKIE,2016,4,-197.0
LUBUSKIE,2017,1,-101.0
LUBUSKIE,2017,2,-230.0
LUBUSKIE,2017,3,-238.0
LUBUSKIE,2017,4,-216.0
LUBUSKIE,2018,1,-115.0
LUBUSKIE,2018,2,-271.0
LUBUSKIE,2018,3,-297.0
LUBUSKIE,2018,4,-286.0
LUBUSKIE,2019,1,-162.0
LUBUSKIE,2019,2,-386.0
LUBUSKIE,2019,3,-386.0
LUBUSKIE,2019,4,-309.0
LUBUSKIE,2020,1,-132.0
LUBUSKIE,2020,2,-250.0
LUBUSKIE,2020,3,-238.0
LUBUSKIE,2020,4,-220.0
LUBUSKIE,2021,1,-130.0
LUBUSKIE,2021,2,-320.0
LUBUSKIE,2021,3,-333.0
LUBUSKIE,2021,4,-283.0
LUBUSKIE,2022,1,-132.0
LUBUSKIE,2022,2,-270.0
LUBUSKIE,2022,3,-252.0
LUBUSKIE,2022,4,-206.0
LUBUSKIE,2023,1,-99.0
LUBUSKIE,2023,2,-215.0
LUBUSKIE,2023,3,-224.0
LUBUSKIE,2023,4,-213.0
LUBUSKIE,2024,1,-123.0
LUBUSKIE,2024,2,-300.0
LUBUSKIE,2024,3,-321.0
LUBUSKIE,2024,4,-288.0
ŁÓDZKIE,2016,1,-391.0
ŁÓDZKIE,2016,2,-378.0
ŁÓDZKIE,2016,3,-456.0
ŁÓDZKIE,2016,4,-467.0
ŁÓDZKIE,2017,1,-453.0
ŁÓDZKIE,2017,2,-447.0
ŁÓDZKIE,2017,3,-535.0
ŁÓDZKIE,2017,4,-524.0
ŁÓDZKIE,2018,1,-472.0
ŁÓDZKIE,2018,2,-463.0
ŁÓDZKIE,2018,3,-584.0
ŁÓDZKIE,2018,4,-642.0
ŁÓDZKIE,2019,1,-677.0
ŁÓDZKIE,2019,2,-679.0
ŁÓDZKIE,2019,3,-780.0
ŁÓDZKIE,2019,4,-686.0
ŁÓDZKIE,2020,1,-498.0
ŁÓDZKIE,2020,2,-401.0
ŁÓDZKIE,2020,3,-441.0
ŁÓDZKIE,2020,4,-469.0
ŁÓDZKIE,2021,1,-521.0
ŁÓDZKIE,2021,2,-541.0
ŁÓDZKIE,2021,3,-640.0
ŁÓDZKIE,2021,4,-579.0
ŁÓDZKIE,2022,1,-438.0
ŁÓDZKIE,2022,2,-366.0
ŁÓDZKIE,2022,3,-411.0
ŁÓDZKIE,2022,4,-432.0
ŁÓDZKIE,2023,1,-465.0
ŁÓDZKIE,2023,2,-484.0
ŁÓDZKIE,2023,3,-587.0
ŁÓDZKIE,2023,4,-561.0
ŁÓDZKIE,2024,1,-473.0
ŁÓDZKIE,2024,2,-420.0
ŁÓDZKIE,2024,3,-468.0
ŁÓDZKIE,2024,4,-447.0
MAŁOPOLSKIE,2016,1,787.0
MAŁOPOLSKIE,2016,2,797.0
MAŁOPOLSKIE,2016,3,1031.0
MAŁOPOLSKIE,2016,4,759.0
MAŁOPOLSKIE,2017,1,837.0
MAŁOPOLSKIE,2017,2,872.0
MAŁOPOLSKIE,2017,3,1163.0
MAŁOPOLSKIE,2017,4,886.0
MAŁOPOLSKIE,2018,1,1012.0
MAŁOPOLSKIE,2018,2,1096.0
MAŁOPOLSKIE,2018,3,1522.0
MAŁOPOLSKIE,2018,4,1210.0
MAŁOPOLSKIE,2019,1,1440.0
MAŁOPOLSKIE,2019,2,1490.0
MAŁOPOLSKIE,2019,3,1830.0
MAŁOPOLSKIE,2019,4,1153.0
MAŁOPOLSKIE,2020,1,971.0
MAŁOPOLSKIE,2020,2,802.0
MAŁOPOLSKIE,2020,3,925.0
MAŁOPOLSKIE,2020,4,711.0
MAŁOPOLSKIE,2021,1,902.0
MAŁOPOLSKIE,2021,2,992.0
MAŁOPOLSKIE,2021,3,1307.0
MAŁOPOLSKIE,2021,4,910.0
MAŁOPOLSKIE,2022,1,896.0
MAŁOPOLSKIE,2022,2,846.0
MAŁOPOLSKIE,2022,3,1046.0
MAŁOPOLSKIE,2022,4,764.0
MAŁOPOLSKIE,2023,1,859.0
MAŁOPOLSKIE,2023,2,896.0
MAŁOPOLSKIE,2023,3,1177.0
MAŁOPOLSKIE,2023,4,866.0
MAŁOPOLSKIE,2024,1,946.0
MAŁOPOLSKIE,2024,2,962.0
MAŁOPOLSKIE,2024,3,1237.0
MAŁOPOLSKIE,2024,4,896.0
MAZOWIECKIE,2016,1,2797.0
MAZOWIECKIE,2016,2,2594.0
MAZOWIECKIE,2016,3,3167.0
MAZOWIECKIE,2016,4,2606.0
MAZOWIECKIE,2017,1,2887.0
MAZOWIECKIE,2017,2,2738.0
MAZOWIECKIE,2017,3,3449.0
MAZOWIECKIE,2017,4,2954.0
MAZOWIECKIE,2018,1,3425.0
MAZOWIECKIE,2018,2,3343.0
MAZOWIECKIE,2018,3,4268.0
MAZOWIECKIE,2018,4,3648.0
MAZOWIECKIE,2019,1,4175.0
MAZOWIECKIE,2019,2,3853.0
MAZOWIECKIE,2019,3,4469.0
MAZOWIECKIE,2019,4,3277.0
MAZOWIECKIE,2020,1,3011.0
MAZOWIECKIE,2020,2,2436.0
MAZOWIECKIE,2020,3,2740.0
MAZOWIECKIE,2020,4,2259.0
MAZOWIECKIE,2021,1,2680.0
MAZOWIECKIE,2021,2,2574.0
MAZOWIECKIE,2021,3,3130.0
MAZOWIECKIE,2021,4,2448.0
MAZOWIECKIE,2022,1,2469.0
MAZOWIECKIE,2022,2,2168.0
MAZOWIECKIE,2022,3,2580.0
MAZOWIECKIE,2022,4,2149.0
MAZOWIECKIE,2023,1,2480.0
MAZOWIECKIE,2023,2,2377.0
MAZOWIECKIE,2023,3,2946.0
MAZOWIECKIE,2023,4,2412.0
MAZOWIECKIE,2024,1,2617.0
MAZOWIECKIE,2024,2,2404.0
MAZOWIECKIE,2024,3,2904.0
MAZOWIECKIE,2024,4,2362.0
OPOLSKIE,2016,1,-178.0
OPOLSKIE,2016,2,-173.0
OPOLSKIE,2016,3,-196.0
OPOLSKIE,2016,4,-176.0
OPOLSKIE,2017,1,-191.0
OPOLSKIE,2017,2,-185.0
OPOLSKIE,2017,3,-200.0
OPOLSKIE,2017,4,-167.0
OPOLSKIE,2018,1,-161.0
OPOLSKIE,2018,2,-154.0
OPOLSKIE,2018,3,-185.0
OPOLSKIE,2018,4,-189.0
OPOLSKIE,2019,1,-239.0
OPOLSKIE,2019,2,-251.0
OPOLSKIE,2019,3,-282.0
OPOLSKIE,2019,4,-233.0
OPOLSKIE,2020,1,-210.0
OPOLSKIE,2020,2,-180.0
OPOLSKIE,2020,3,-188.0
OPOLSKIE,2020,4,-167.0
OPOLSKIE,2021,1,-188.0
OPOLSKIE,2021,2,-187.0
OPOLSKIE,2021,3,-209.0
OPOLSKIE,2021,4,-178.0
OPOLSKIE,2022,1,-176.0
OPOLSKIE,2022,2,-168.0
OPOLSKIE,2022,3,-196.0
OPOLSKIE,2022,4,-190.0
OPOLSKIE,2023,1,-228.0
OPOLSKIE,2023,2,-235.0
OPOLSKIE,2023,3,-265.0
OPOLSKIE,2023,4,-224.0
OPOLSKIE,2024,1,-215.0
OPOLSKIE,2024,2,-192.0
OPOLSKIE,2024,3,-202.0
OPOLSKIE,2024,4,-173.0
PODKARPACKIE,2016,1,-482.0
PODKARPACKIE,2016,2,-552.0
PODKARPACKIE,2016,3,-559.0
PODKARPACKIE,2016,4,-451.0
PODKARPACKIE,2017,1,-461.0
PODKARPACKIE,2017,2,-542.0
PODKARPACKIE,2017,3,-594.0
PODKARPACKIE,2017,4,-541.0
PODKARPACKIE,2018,1,-638.0
PODKARPACKIE,2018,2,-809.0
PODKARPACKIE,2018,3,-894.0
PODKARPACKIE,2018,4,-776.0
PODKARPACKIE,2019,1,-844.0
PODKARPACKIE,2019,2,-972.0
PODKARPACKIE,2019,3,-947.0
PODKARPACKIE,2019,4,-696.0
PODKARPACKIE,2020,1,-607.0
PODKARPACKIE,2020,2,-602.0
PODKARPACKIE,2020,3,-562.0
PODKARPACKIE,2020,4,-453.0
PODKARPACKIE,2021,1,-496.0
PODKARPACKIE,2021,2,-590.0
PODKARPACKIE,2021,3,-611.0
PODKARPACKIE,2021,4,-497.0
PODKARPACKIE,2022,1,-506.0
PODKARPACKIE,2022,2,-582.0
PODKARPACKIE,2022,3,-611.0
PODKARPACKIE,2022,4,-526.0
PODKARPACKIE,2023,1,-584.0
PODKARPACKIE,2023,2,-706.0
PODKARPACKIE,2023,3,-748.0
PODKARPACKIE,2023,4,-624.0
PODKARPACKIE,2024,1,-655.0
PODKARPACKIE,2024,2,-757.0
PODKARPACKIE,2024,3,-778.0
PODKARPACKIE,2024,4,-637.0
PODLASKIE,2016,1,-346.0
PODLASKIE,2016,2,-352.0
PODLASKIE,2016,3,-485.0
PODLASKIE,2016,4,-380.0
PODLASKIE,2017,1,-393.0
PODLASKIE,2017,2,-415.0
PODLASKIE,2017,3,-589.0
PODLASKIE,2017,4,-467.0
PODLASKIE,2018,1,-483.0
PODLASKIE,2018,2,-510.0
PODLASKIE,2018,3,-719.0
PODLASKIE,2018,4,-566.0
PODLASKIE,2019,1,-582.0
PODLASKIE,2019,2,-587.0
PODLASKIE,2019,3,-764.0
PODLASKIE,2019,4,-525.0
PODLASKIE,2020,1,-446.0
PODLASKIE,2020,2,-396.0
PODLASKIE,2020,3,-492.0
PODLASKIE,2020,4,-366.0
PODLASKIE,2021,1,-376.0
PODLASKIE,2021,2,-385.0
PODLASKIE,2021,3,-517.0
PODLASKIE,2021,4,-377.0
PODLASKIE,2022,1,-349.0
PODLASKIE,2022,2,-342.0
PODLASKIE,2022,3,-464.0
PODLASKIE,2022,4,-369.0
PODLASKIE,2023,1,-395.0
PODLASKIE,2023,2,-420.0
PODLASKIE,2023,3,-585.0
PODLASKIE,2023,4,-443.0
PODLASKIE,2024,1,-430.0
PODLASKIE,2024,2,-427.0
PODLASKIE,2024,3,-571.0
PODLASKIE,2024,4,-428.0
POMORSKIE,2016,1,780.0
POMORSKIE,2016,2,902.0
POMORSKIE,2016,3,1051.0
POMORSKIE,2016,4,750.0
POMORSKIE,2017,1,766.0
POMORSKIE,2017,2,902.0
POMORSKIE,2017,3,1103.0
POMORSKIE,2017,4,852.0
POMORSKIE,2018,1,957.0
POMORSKIE,2018,2,1210.0
POMORSKIE,2018,3,1543.0
POMORSKIE,2018,4,1209.0
POMORSKIE,2019,1,1354.0
POMORSKIE,2019,2,1612.0
POMORSKIE,2019,3,1820.0
POMORSKIE,2019,4,1164.0
POMORSKIE,2020,1,980.0
POMORSKIE,2020,2,971.0
POMORSKIE,2020,3,1062.0
POMORSKIE,2020,4,810.0
POMORSKIE,2021,1,956.0
POMORSKIE,2021,2,1198.0
POMORSKIE,2021,3,1436.0
POMORSKIE,2021,4,999.0
POMORSKIE,2022,1,951.0
POMORSKIE,2022,2,1042.0
POMORSKIE,2022,3,1188.0
POMORSKIE,2022,4,864.0
POMORSKIE,2023,1,925.0
POMORSKIE,2023,2,1112.0
POMORSKIE,2023,3,1346.0
POMORSKIE,2023,4,997.0
POMORSKIE,2024,1,1057.0
POMORSKIE,2024,2,1252.0
POMORSKIE,2024,3,1485.0
POMORSKIE,2024,4,1073.0
ŚLĄSKIE,2016,1,-850.0
ŚLĄSKIE,2016,2,-823.0
ŚLĄSKIE,2016,3,-978.0
ŚLĄSKIE,2016,4,-775.0
ŚLĄSKIE,2017,1,-763.0
ŚLĄSKIE,2017,2,-743.0
ŚLĄSKIE,2017,3,-930.0
ŚLĄSKIE,2017,4,-822.0
ŚLĄSKIE,2018,1,-937.0
ŚLĄSKIE,2018,2,-986.0
ŚLĄSKIE,2018,3,-1254.0
ŚLĄSKIE,2018,4,-1051.0
ŚLĄSKIE,2019,1,-1086.0
ŚLĄSKIE,2019,2,-1045.0
ŚLĄSKIE,2019,3,-1215.0
ŚLĄSKIE,2019,4,-927.0
ŚLĄSKIE,2020,1,-861.0
ŚLĄSKIE,2020,2,-785.0
ŚLĄSKIE,2020,3,-922.0
ŚLĄSKIE,2020,4,-772.0
ŚLĄSKIE,2021,1,-845.0
ŚLĄSKIE,2021,2,-865.0
ŚLĄSKIE,2021,3,-1080.0
ŚLĄSKIE,2021,4,-897.0
ŚLĄSKIE,2022,1,-925.0
ŚLĄSKIE,2022,2,-884.0
ŚLĄSKIE,2022,3,-1018.0
ŚLĄSKIE,2022,4,-763.0
ŚLĄSKIE,2023,1,-690.0
ŚLĄSKIE,2023,2,-615.0
ŚLĄSKIE,2023,3,-711.0
ŚLĄSKIE,2023,4,-594.0
ŚLĄSKIE,2024,1,-656.0
ŚLĄSKIE,2024,2,-676.0
ŚLĄSKIE,2024,3,-846.0
ŚLĄSKIE,2024,4,-703.0
ŚWIĘTOKRZYSKIE,2016,1,-486.0
ŚWIĘTOKRZYSKIE,2016,2,-433.0
ŚWIĘTOKRZYSKIE,2016,3,-595.0
ŚWIĘTOKRZYSKIE,2016,4,-455.0
ŚWIĘTOKRZYSKIE,2017,1,-608.0
ŚWIĘTOKRZYSKIE,2017,2,-554.0
ŚWIĘTOKRZYSKIE,2017,3,-741.0
ŚWIĘTOKRZYSKIE,2017,4,-521.0
ŚWIĘTOKRZYSKIE,2018,1,-616.0
ŚWIĘTOKRZYSKIE,2018,2,-553.0
ŚWIĘTOKRZYSKIE,2018,3,-796.0
ŚWIĘTOKRZYSKIE,2018,4,-661.0
ŚWIĘTOKRZYSKIE,2019,1,-965.0
ŚWIĘTOKRZYSKIE,2019,2,-890.0
ŚWIĘTOKRZYSKIE,2019,3,-1146.0
ŚWIĘTOKRZYSKIE,2019,4,-716.0
ŚWIĘTOKRZYSKIE,2020,1,-681.0
ŚWIĘTOKRZYSKIE,2020,2,-482.0
ŚWIĘTOKRZYSKIE,2020,3,-561.0
ŚWIĘTOKRZYSKIE,2020,4,-417.0
ŚWIĘTOKRZYSKIE,2021,1,-592.0
ŚWIĘTOKRZYSKIE,2021,2,-556.0
ŚWIĘTOKRZYSKIE,2021,3,-751.0
ŚWIĘTOKRZYSKIE,2021,4,-520.0
ŚWIĘTOKRZYSKIE,2022,1,-595.0
ŚWIĘTOKRZYSKIE,2022,2,-502.0
ŚWIĘTOKRZYSKIE,2022,3,-666.0
ŚWIĘTOKRZYSKIE,2022,4,-505.0
ŚWIĘTOKRZYSKIE,2023,1,-681.0
ŚWIĘTOKRZYSKIE,2023,2,-627.0
ŚWIĘTOKRZYSKIE,2023,3,-849.0
ŚWIĘTOKRZYSKIE,2023,4,-607.0
ŚWIĘTOKRZYSKIE,2024,1,-732.0
ŚWIĘTOKRZYSKIE,2024,2,-627.0
ŚWIĘTOKRZYSKIE,2024,3,-815.0
ŚWIĘTOKRZYSKIE,2024,4,-579.0
WARMIŃSKO-MAZURSKIE,2016,1,-695.0
WARMIŃSKO-MAZURSKIE,2016,2,-626.0
WARMIŃSKO-MAZURSKIE,2016,3,-827.0
WARMIŃSKO-MAZURSKIE,2016,4,-554.0
WARMIŃSKO-MAZURSKIE,2017,1,-592.0
WARMIŃSKO-MAZURSKIE,2017,2,-532.0
WARMIŃSKO-MAZURSKIE,2017,3,-745.0
WARMIŃSKO-MAZURSKIE,2017,4,-572.0
WARMIŃSKO-MAZURSKIE,2018,1,-737.0
WARMIŃSKO-MAZURSKIE,2018,2,-742.0
WARMIŃSKO-MAZURSKIE,2018,3,-1094.0
WARMIŃSKO-MAZURSKIE,2018,4,-822.0
WARMIŃSKO-MAZURSKIE,2019,1,-993.0
WARMIŃSKO-MAZURSKIE,2019,2,-905.0
WARMIŃSKO-MAZURSKIE,2019,3,-1162.0
WARMIŃSKO-MAZURSKIE,2019,4,-708.0
WARMIŃSKO-MAZURSKIE,2020,1,-635.0
WARMIŃSKO-MAZURSKIE,2020,2,-477.0
WARMIŃSKO-MAZURSKIE,2020,3,-577.0
WARMIŃSKO-MAZURSKIE,2020,4,-423.0
WARMIŃSKO-MAZURSKIE,2021,1,-557.0
WARMIŃSKO-MAZURSKIE,2021,2,-549.0
WARMIŃSKO-MAZURSKIE,2021,3,-765.0
WARMIŃSKO-MAZURSKIE,2021,4,-518.0
WARMIŃSKO-MAZURSKIE,2022,1,-544.0
WARMIŃSKO-MAZURSKIE,2022,2,-468.0
WARMIŃSKO-MAZURSKIE,2022,3,-616.0
WARMIŃSKO-MAZURSKIE,2022,4,-437.0
WARMIŃSKO-MAZURSKIE,2023,1,-519.0
WARMIŃSKO-MAZURSKIE,2023,2,-491.0
WARMIŃSKO-MAZURSKIE,2023,3,-690.0
WARMIŃSKO-MAZURSKIE,2023,4,-500.0
WARMIŃSKO-MAZURSKIE,2024,1,-588.0
WARMIŃSKO-MAZURSKIE,2024,2,-549.0
WARMIŃSKO-MAZURSKIE,2024,3,-757.0
WARMIŃSKO-MAZURSKIE,2024,4,-536.0
WIELKOPOLSKIE,2016,1,227.0
WIELKOPOLSKIE,2016,2,223.0
WIELKOPOLSKIE,2016,3,289.0
WIELKOPOLSKIE,2016,4,242.0
WIELKOPOLSKIE,2017,1,229.0
WIELKOPOLSKIE,2017,2,227.0
WIELKOPOLSKIE,2017,3,300.0
WIELKOPOLSKIE,2017,4,257.0
WIELKOPOLSKIE,2018,1,251.0
WIELKOPOLSKIE,2018,2,252.0
WIELKOPOLSKIE,2018,3,334.0
WIELKOPOLSKIE,2018,4,282.0
WIELKOPOLSKIE,2019,1,268.0
WIELKOPOLSKIE,2019,2,267.0
WIELKOPOLSKIE,2019,3,356.0
WIELKOPOLSKIE,2019,4,310.0
WIELKOPOLSKIE,2020,1,309.0
WIELKOPOLSKIE,2020,2,323.0
WIELKOPOLSKIE,2020,3,450.0
WIELKOPOLSKIE,2020,4,408.0
WIELKOPOLSKIE,2021,1,421.0
WIELKOPOLSKIE,2021,2,425.0
WIELKOPOLSKIE,2021,3,540.0
WIELKOPOLSKIE,2021,4,412.0
WIELKOPOLSKIE,2022,1,329.0
WIELKOPOLSKIE,2022,2,285.0
WIELKOPOLSKIE,2022,3,350.0
WIELKOPOLSKIE,2022,4,305.0
WIELKOPOLSKIE,2023,1,324.0
WIELKOPOLSKIE,2023,2,341.0
WIELKOPOLSKIE,2023,3,456.0
WIELKOPOLSKIE,2023,4,376.0
WIELKOPOLSKIE,2024,1,337.0
WIELKOPOLSKIE,2024,2,317.0
WIELKOPOLSKIE,2024,3,399.0
WIELKOPOLSKIE,2024,4,328.0
ZACHODNIOPOMORSKIE,2016,1,-110.0
ZACHODNIOPOMORSKIE,2016,2,-135.0
ZACHODNIOPOMORSKIE,2016,3,-214.0
ZACHODNIOPOMORSKIE,2016,4,-163.0
ZACHODNIOPOMORSKIE,2017,1,-135.0
ZACHODNIOPOMORSKIE,2017,2,-174.0
ZACHODNIOPOMORSKIE,2017,3,-283.0
ZACHODNIOPOMORSKIE,2017,4,-213.0
ZACHODNIOPOMORSKIE,2018,1,-170.0
ZACHODNIOPOMORSKIE,2018,2,-210.0
ZACHODNIOPOMORSKIE,2018,3,-327.0
ZACHODNIOPOMORSKIE,2018,4,-234.0
ZACHODNIOPOMORSKIE,2019,1,-175.0
ZACHODNIOPOMORSKIE,2019,2,-205.0
ZACHODNIOPOMORSKIE,2019,3,-301.0
ZACHODNIOPOMORSKIE,2019,4,-201.0
ZACHODNIOPOMORSKIE,2020,1,-140.0
ZACHODNIOPOMORSKIE,2020,2,-161.0
ZACHODNIOPOMORSKIE,2020,3,-248.0
ZACHODNIOPOMORSKIE,2020,4,-196.0
ZACHODNIOPOMORSKIE,2021,1,-172.0
ZACHODNIOPOMORSKIE,2021,2,-221.0
ZACHODNIOPOMORSKIE,2021,3,-337.0
ZACHODNIOPOMORSKIE,2021,4,-214.0
ZACHODNIOPOMORSKIE,2022,1,-129.0
ZACHODNIOPOMORSKIE,2022,2,-128.0
ZACHODNIOPOMORSKIE,2022,3,-177.0
ZACHODNIOPOMORSKIE,2022,4,-141.0
ZACHODNIOPOMORSKIE,2023,1,-133.0
ZACHODNIOPOMORSKIE,2023,2,-180.0
ZACHODNIOPOMORSKIE,2023,3,-288.0
ZACHODNIOPOMORSKIE,2023,4,-196.0
ZACHODNIOPOMORSKIE,2024,1,-131.0
ZACHODNIOPOMORSKIE,2024,2,-139.0
ZACHODNIOPOMORSKIE,2024,3,-193.0
ZACHODNIOPOMORSKIE,2024,4,-132.0
POLSKA,2016,0,0.0
DOLNOŚLĄSKIE,2016,0,2659.0
KUJAWSKO-POMORSKIE,2016,0,-1719.0
LUBELSKIE,2016,0,-4452.0
LUBUSKIE,2016,0,-740.0
ŁÓDZKIE,2016,0,-1695.0
MAŁOPOLSKIE,2016,0,3376.0
MAZOWIECKIE,2016,0,11167.0
PODKARPACKIE,2016,0,-2047.0
OPOLSKIE,2016,0,-726.0
POMORSKIE,2016,0,3485.0
ŚLĄSKIE,2016,0,-3428.0
ŚWIĘTOKRZYSKIE,2016,0,-1971.0
WIELKOPOLSKIE,2016,0,983.0
WARMIŃSKO-MAZURSKIE,2016,0,-2703.0
ZACHODNIOPOMORSKIE,2016,0,-624.0
PODLASKIE,2016,0,-1565.0
ZACHODNIOPOMORSKIE,2017,0,-808.0
POLSKA,2017,0,0.0
DOLNOŚLĄSKIE,2017,0,2595.0
KUJAWSKO-POMORSKIE,2017,0,-1515.0
LUBELSKIE,2017,0,-5072.0
LUBUSKIE,2017,0,-788.0
ŁÓDZKIE,2017,0,-1961.0
MAŁOPOLSKIE,2017,0,3760.0
MAZOWIECKIE,2017,0,12029.0
OPOLSKIE,2017,0,-745.0
PODKARPACKIE,2017,0,-2140.0
PODLASKIE,2017,0,-1866.0
POMORSKIE,2017,0,3625.0
ŚLĄSKIE,2017,0,-3260.0
ŚWIĘTOKRZYSKIE,2017,0,-2426.0
WIELKOPOLSKIE,2017,0,1015.0
WARMIŃSKO-MAZURSKIE,2017,0,-2443.0
ZACHODNIOPOMORSKIE,2018,0,-943.0
WIELKOPOLSKIE,2018,0,1121.0
WARMIŃSKO-MAZURSKIE,2018,0,-3397.0
ŚWIĘTOKRZYSKIE,2018,0,-2628.0
POLSKA,2018,0,0.0
DOLNOŚLĄSKIE,2018,0,3200.0
KUJAWSKO-POMORSKIE,2018,0,-2541.0
LUBELSKIE,2018,0,-5804.0
LUBUSKIE,2018,0,-971.0
ŁÓDZKIE,2018,0,-2163.0
MAZOWIECKIE,2018,0,14686.0
OPOLSKIE,2018,0,-691.0
PODKARPACKIE,2018,0,-3119.0
PODLASKIE,2018,0,-2281.0
POMORSKIE,2018,0,4920.0
ŚLĄSKIE,2018,0,-4231.0
MAŁOPOLSKIE,2018,0,4842.0
WIELKOPOLSKIE,2019,0,1203.0
ŚLĄSKIE,2019,0,-4275.0
POMORSKIE,2019,0,5953.0
PODLASKIE,2019,0,-2459.0
PODKARPACKIE,2019,0,-3462.0
OPOLSKIE,2019,0,-1007.0
MAZOWIECKIE,2019,0,15777.0
ZACHODNIOPOMORSKIE,2019,0,-884.0
MAŁOPOLSKIE,2019,0,5914.0
LUBUSKIE,2019,0,-1245.0
LUBELSKIE,2019,0,-6495.0
KUJAWSKO-POMORSKIE,2019,0,-2921.0
DOLNOŚLĄSKIE,2019,0,4215.0
POLSKA,2019,0,0.0
ŁÓDZKIE,2019,0,-2824.0
WARMIŃSKO-MAZURSKIE,2019,0,-3771.0
ŚWIĘTOKRZYSKIE,2019,0,-3719.0
KUJAWSKO-POMORSKIE,2020,0,-2112.0
DOLNOŚLĄSKIE,2020,0,3295.0
POLSKA,2020,0,0.0
LUBELSKIE,2020,0,-4685.0
LUBUSKIE,2020,0,-842.0
MAŁOPOLSKIE,2020,0,3412.0
ŁÓDZKIE,2020,0,-1812.0
WIELKOPOLSKIE,2020,0,1491.0
MAZOWIECKIE,2020,0,10448.0
OPOLSKIE,2020,0,-747.0
PODKARPACKIE,2020,0,-2226.0
PODLASKIE,2020,0,-1702.0
POMORSKIE,2020,0,3825.0
ŚLĄSKIE,2020,0,-3342.0
ŚWIĘTOKRZYSKIE,2020,0,-2143.0
WARMIŃSKO-MAZURSKIE,2020,0,-2113.0
ZACHODNIOPOMORSKIE,2020,0,-747.0
MAŁOPOLSKIE,2021,0,4112.0
ŁÓDZKIE,2021,0,-2282.0
LUBUSKIE,2021,0,-1068.0
LUBELSKIE,2021,0,-5021.0
DOLNOŚLĄSKIE,2021,0,3305.0
POLSKA,2021,0,0.0
MAZOWIECKIE,2021,0,10834.0
KUJAWSKO-POMORSKIE,2021,0,-2204.0
OPOLSKIE,2021,0,-764.0
PODKARPACKIE,2021,0,-2197.0
PODLASKIE,2021,0,-1657.0
WARMIŃSKO-MAZURSKIE,2021,0,-2391.0
WIELKOPOLSKIE,2021,0,1799.0
ŚWIĘTOKRZYSKIE,2021,0,-2421.0
ŚLĄSKIE,2021,0,-3690.0
POMORSKIE,2021,0,4591.0
ZACHODNIOPOMORSKIE,2021,0,-946.0
WARMIŃSKO-MAZURSKIE,2022,0,-2067.0
ŚWIĘTOKRZYSKIE,2022,0,-2270.0
ŚLĄSKIE,2022,0,-3592.0
POMORSKIE,2022,0,4047.0
PODLASKIE,2022,0,-1526.0
PODKARPACKIE,2022,0,-2228.0
OPOLSKIE,2022,0,-732.0
MAŁOPOLSKIE,2022,0,3553.0
ŁÓDZKIE,2022,0,-1649.0
LUBUSKIE,2022,0,-861.0
LUBELSKIE,2022,0,-4686.0
KUJAWSKO-POMORSKIE,2022,0,-1746.0
DOLNOŚLĄSKIE,2022,0,3695.0
POLSKA,2022,0,0.0
WIELKOPOLSKIE,2022,0,1271.0
ZACHODNIOPOMORSKIE,2022,0,-577.0
MAZOWIECKIE,2022,0,9368.0
DOLNOŚLĄSKIE,2023,0,3617.0
POLSKA,2023,0,0.0
LUBUSKIE,2023,0,-753.0
ŁÓDZKIE,2023,0,-2099.0
MAŁOPOLSKIE,2023,0,3800.0
MAZOWIECKIE,2023,0,10217.0
OPOLSKIE,2023,0,-954.0
PODKARPACKIE,2023,0,-2664.0
PODLASKIE,2023,0,-1844.0
POMORSKIE,2023,0,4382.0
ŚLĄSKIE,2023,0,-2611.0
ŚWIĘTOKRZYSKIE,2023,0,-2766.0
WARMIŃSKO-MAZURSKIE,2023,0,-2203.0
WIELKOPOLSKIE,2023,0,1500.0
ZACHODNIOPOMORSKIE,2023,0,-799.0
KUJAWSKO-POMORSKIE,2023,0,-2116.0
LUBELSKIE,2023,0,-4707.0
WIELKOPOLSKIE,2024,0,1383.0
WARMIŃSKO-MAZURSKIE,2024,0,-2433.0
ŚWIĘTOKRZYSKIE,2024,0,-2755.0
ŚLĄSKIE,2024,0,-2883.0
POMORSKIE,2024,0,4869.0
PODLASKIE,2024,0,-1858.0
PODKARPACKIE,2024,0,-2829.0
OPOLSKIE,2024,0,-783.0
MAZOWIECKIE,2024,0,10289.0
MAŁOPOLSKIE,2024,0,4043.0
ŁÓDZKIE,2024,0,-1809.0
LUBUSKIE,2024,0,-1034.0
LUBELSKIE,2024,0,-5194.0
KUJAWSKO-POMORSKIE,2024,0,-1989.0
DOLNOŚLĄSKIE,2024,0,3579.0
POLSKA,2024,0,0.0
ZACHODNIOPOMORSKIE,2024,0,-596.0
